Luka,Nash,23351432,0876453122,LukaNash@gmail.com,true,356271Q,ADMIN,SENIOR ADMINISTRATIVE OFFICER III,6,142758.00,UserType.HR,B
Kieran,Long,23456172,0875643515,KLong@gmail.com,false,212354M,PRESIDENT,PRESIDENT,1,240716.00,UserType.Admin,A
Michael,English,23123416,0874635781,MEnglish@outlook.com,true,564789H,VICE PRESIDENT,VICE PRESIDENT,1,184171.00,UserType.Admin,A
Evelyn,Sadlier,23415231,0879654327,ESadlier@gmail.com,false,392810N,SERVICE STAFF,SENIOR AIDE,13,42318.00,UserType.Employee,A
Amy,Drew,22175612,0879488621,MSPGirl2007@gmail.com,true,398109N,ULAC,CO-OP STUDENTS,2,25350.00,UserType.Admin,B
Ben,Bastianelli,23368071,0870982108,benbastianelli@gmail.com,true,467326J,ACADEMIC,PROFESSOR(FORMERLY ASSOCIATE PROFESSOR),6,135598.00,UserType.Admin,A
Clem,O'Donnell,10000,0879488631,ClemODonnell@gmail.com,true,5043921N,ACADEMIC,PROFESSOR(FORMERLY ASSOCIATE PROFESSOR),6,135598.00,UserType.Employee,A
Kathlyn,Bastianelli,5000,0879488621,Kbastianelli@gmail.com,true,873821D,ACADEMIC,FULL PROFESSOR(FORMERLY PROFESSOR),6,177078.00,UserType.Employee,B
Michael,Madden,7000,0879465326,mikeron24@gmail.com,false,2615273Z,THERAPIES REGIONAL SUPERVISORS REGIONAL PLACEMENT FACILITATOR,CLINICAL,9,73048.00,UserType.Employee,A
Eoghan,Enright,11000,0879654321,EEnright@gmail.com,true,476382M,LIBRARY,LIBRARY ATTENDANT,14,40230.00,UserType.Employee,A
Darragh,O'Connell,13000,0876352121,DOC@gmail.com,true,403726F,ACADEMIC,ASSOCIATE PROFESSOR B (FORMERLY LECTURER),4,79703.00,UserType.Employee,A
