Occupation,Job Title,Point,Salary
PRESIDENT,,1,"€240,716"
VICE PRESIDENT,,1,"€184,171"
ACADEMIC,FULL PROFESSOR(FORMERLY PROFESSOR),1,"€140,068"
ACADEMIC,FULL PROFESSOR(FORMERLY PROFESSOR),2,"€148,055"
ACADEMIC,FULL PROFESSOR(FORMERLY PROFESSOR),3,"€156,042"
ACADEMIC,FULL PROFESSOR(FORMERLY PROFESSOR),4,"€164,028"
ACADEMIC,FULL PROFESSOR(FORMERLY PROFESSOR),5,"€172,016"
ACADEMIC,FULL PROFESSOR(FORMERLY PROFESSOR),6,"€177,078"
ACADEMIC,PROFESSOR(FORMERLY ASSOCIATE PROFESSOR),1,"€101,447"
ACADEMIC,PROFESSOR(FORMERLY ASSOCIATE PROFESSOR),2,"€108,276"
ACADEMIC,PROFESSOR(FORMERLY ASSOCIATE PROFESSOR),3,"€115,107"
ACADEMIC,PROFESSOR(FORMERLY ASSOCIATE PROFESSOR),4,"€121,935"
ACADEMIC,PROFESSOR(FORMERLY ASSOCIATE PROFESSOR),5,"€128,770"
ACADEMIC,PROFESSOR(FORMERLY ASSOCIATE PROFESSOR),6,"€135,598"
ACADEMIC,ASSOCIATE PROFESSOR A(FORMERLY SENIOR LECTURER),1,"€87,548"
ACADEMIC,ASSOCIATE PROFESSOR A(FORMERLY SENIOR LECTURER),2,"€91,018"
ACADEMIC,ASSOCIATE PROFESSOR A(FORMERLY SENIOR LECTURER),3,"€94,492"
ACADEMIC,ASSOCIATE PROFESSOR A(FORMERLY SENIOR LECTURER),4,"€97,988"
ACADEMIC,ASSOCIATE PROFESSOR A(FORMERLY SENIOR LECTURER),5,"€101,461"
ACADEMIC,ASSOCIATE PROFESSOR A(FORMERLY SENIOR LECTURER),6,"€104,948"
ACADEMIC,ASSOCIATE PROFESSOR A(FORMERLY SENIOR LECTURER),7,"€108,430"
ACADEMIC,ASSOCIATE PROFESSOR A(FORMERLY SENIOR LECTURER),8,"€111,916"
ACADEMIC,ASSOCIATE PROFESSOR A(FORMERLY SENIOR LECTURER),9,"€115,395"
ACADEMIC,ASSOCIATE PROFESSOR B (FORMERLY LECTURER),1,"€62,069"
ACADEMIC,ASSOCIATE PROFESSOR B (FORMERLY LECTURER),2,"€73,093"
ACADEMIC,ASSOCIATE PROFESSOR B (FORMERLY LECTURER),3,"€77,006"
ACADEMIC,ASSOCIATE PROFESSOR B (FORMERLY LECTURER),4,"€79,703"
ACADEMIC,ASSOCIATE PROFESSOR B (FORMERLY LECTURER),5,"€83,634"
ACADEMIC,ASSOCIATE PROFESSOR B (FORMERLY LECTURER),6,"€87,604"
ACADEMIC,ASSOCIATE PROFESSOR B (FORMERLY LECTURER),7,"€91,563"
ACADEMIC,ASSOCIATE PROFESSOR B (FORMERLY LECTURER),8,"€95,514"
ACADEMIC,ASSOCIATE PROFESSOR B (FORMERLY LECTURER),9,"€99,471"
ACADEMIC,ASSISTANT PROFESSOR(FORMERLY LECTURER BELOW THE BAR),1,"€46,955"
ACADEMIC,ASSISTANT PROFESSOR(FORMERLY LECTURER BELOW THE BAR),2,"€49,543"
ACADEMIC,ASSISTANT PROFESSOR(FORMERLY LECTURER BELOW THE BAR),3,"€51,676"
ACADEMIC,ASSISTANT PROFESSOR(FORMERLY LECTURER BELOW THE BAR),4,"€53,644"
ACADEMIC,ASSISTANT PROFESSOR(FORMERLY LECTURER BELOW THE BAR),5,"€55,689"
ACADEMIC,ASSISTANT PROFESSOR(FORMERLY LECTURER BELOW THE BAR),6,"€57,323"
ACADEMIC,ASSISTANT PROFESSOR(FORMERLY LECTURER BELOW THE BAR),7,"€58,990"
ACADEMIC,ASSISTANT PROFESSOR(FORMERLY LECTURER BELOW THE BAR),8,"€60,654"
ACADEMIC,ASSISTANT PROFESSOR(FORMERLY LECTURER BELOW THE BAR),9,"€62,314"
ACADEMIC,ASSISTANT PROFESSOR(FORMERLY LECTURER BELOW THE BAR),10,"€63,965"
ACADEMIC,TEACHING ASSISTANT,1,"€37,010"
ACADEMIC,TEACHING ASSISTANT,2,"€40,061"
ADMIN,SENIOR ADMINISTRATIVE OFFICER III,1,"€106,800"
ADMIN,SENIOR ADMINISTRATIVE OFFICER III,2,"€113,990"
ADMIN,SENIOR ADMINISTRATIVE OFFICER III,3,"€121,181"
ADMIN,SENIOR ADMINISTRATIVE OFFICER III,4,"€128,369"
ADMIN,SENIOR ADMINISTRATIVE OFFICER III,5,"€135,565"
ADMIN,SENIOR ADMINISTRATIVE OFFICER III,6,"€142,758"
ADMIN,SENIOR ADMINISTRATIVE OFFICER II,1,"€94,941"
ADMIN,SENIOR ADMINISTRATIVE OFFICER II,2,"€98,703"
ADMIN,SENIOR ADMINISTRATIVE OFFICER II,3,"€102,487"
ADMIN,SENIOR ADMINISTRATIVE OFFICER II,4,"€106,270"
ADMIN,SENIOR ADMINISTRATIVE OFFICER II,5,"€110,030"
ADMIN,SENIOR ADMINISTRATIVE OFFICER II,6,"€113,810"
ADMIN,SENIOR ADMINISTRATIVE OFFICER II,7,"€117,589"
ADMIN,SENIOR ADMINISTRATIVE OFFICER II,8,"€121,368"
ADMIN,SENIOR ADMINISTRATIVE OFFICER II,9,"€125,140"
ADMIN,SENIOR ADMINISTRATIVE OFFICER I,1,"€67,132"
ADMIN,SENIOR ADMINISTRATIVE OFFICER I,2,"€69,712"
ADMIN,SENIOR ADMINISTRATIVE OFFICER I,3,"€72,480"
ADMIN,SENIOR ADMINISTRATIVE OFFICER I,4,"€75,725"
ADMIN,SENIOR ADMINISTRATIVE OFFICER I,5,"€79,088"
ADMIN,SENIOR ADMINISTRATIVE OFFICER I,6,"€82,103"
ADMIN,SENIOR ADMINISTRATIVE OFFICER I,7,"€86,389"
ADMIN,SENIOR ADMINISTRATIVE OFFICER I,8,"€90,697"
ADMIN,SENIOR ADMINISTRATIVE OFFICER I,9,"€95,004"
ADMIN,SENIOR ADMINISTRATIVE OFFICER I,10,"€99,296"
ADMIN,SENIOR ADMINISTRATIVE OFFICER I,11,"€103,583"
ADMIN,SENIOR ADMINISTRATIVE OFFICER I,12,"€107,875"
ADMIN,SENIOR EXECUTIVE ADMINISTRATOR,1,"€58,657"
ADMIN,SENIOR EXECUTIVE ADMINISTRATOR,2,"€60,174"
ADMIN,SENIOR EXECUTIVE ADMINISTRATOR,3,"€61,704"
ADMIN,SENIOR EXECUTIVE ADMINISTRATOR,4,"€63,240"
ADMIN,SENIOR EXECUTIVE ADMINISTRATOR,5,"€64,776"
ADMIN,SENIOR EXECUTIVE ADMINISTRATOR,6,"€66,317"
ADMIN,SENIOR EXECUTIVE ADMINISTRATOR,7,"€68,510"
ADMIN,SENIOR EXECUTIVE ADMINISTRATOR,8,"€72,779"
ADMIN,SENIOR EXECUTIVE ADMINISTRATOR,9,"€77,291"
ADMIN,SENIOR EXECUTIVE ADMINISTRATOR,10,"€79,691"
ADMIN,SENIOR EXECUTIVE ADMINISTRATOR,11,"€83,397"
ADMIN,EXECUTIVE ADMINISTRATOR,1,"€44,752"
ADMIN,EXECUTIVE ADMINISTRATOR,2,"€47,050"
ADMIN,EXECUTIVE ADMINISTRATOR,3,"€49,360"
ADMIN,EXECUTIVE ADMINISTRATOR,4,"€51,268"
ADMIN,EXECUTIVE ADMINISTRATOR,5,"€53,218"
ADMIN,EXECUTIVE ADMINISTRATOR,6,"€55,306"
ADMIN,EXECUTIVE ADMINISTRATOR,7,"€57,462"
ADMIN,EXECUTIVE ADMINISTRATOR,8,"€59,557"
ADMIN,EXECUTIVE ADMINISTRATOR,9,"€61,263"
ADMIN,EXECUTIVE ADMINISTRATOR,10,"€62,840"
ADMIN,EXECUTIVE ADMINISTRATOR,11,"€64,409"
ADMIN,SENIOR ADMINISTRATOR,1,"€39,893"
ADMIN,SENIOR ADMINISTRATOR,2,"€40,785"
ADMIN,SENIOR ADMINISTRATOR,3,"€42,037"
ADMIN,SENIOR ADMINISTRATOR,4,"€43,282"
ADMIN,SENIOR ADMINISTRATOR,5,"€44,546"
ADMIN,SENIOR ADMINISTRATOR,6,"€45,799"
ADMIN,SENIOR ADMINISTRATOR,7,"€47,069"
ADMIN,SENIOR ADMINISTRATOR,8,"€48,336"
ADMIN,SENIOR ADMINISTRATOR,9,"€49,613"
ADMIN,SENIOR ADMINISTRATOR,10,"€50,660"
ADMIN,SENIOR ADMINISTRATOR,11,"€51,944"
ADMIN,SENIOR ADMINISTRATOR,12,"€53,265"
ADMIN,ADMINISTRATOR,1,"€26,572"
ADMIN,ADMINISTRATOR,2,"€27,495"
ADMIN,ADMINISTRATOR,3,"€28,629"
ADMIN,ADMINISTRATOR,4,"€29,397"
ADMIN,ADMINISTRATOR,5,"€30,060"
ADMIN,ADMINISTRATOR,6,"€30,830"
ADMIN,ADMINISTRATOR,7,"€31,616"
ADMIN,ADMINISTRATOR,8,"€32,491"
ADMIN,ADMINISTRATOR,9,"€33,224"
ADMIN,ADMINISTRATOR,10,"€34,378"
ADMIN,ADMINISTRATOR,11,"€35,541"
ADMIN,ADMINISTRATOR,12,"€36,715"
ADMIN,ADMINISTRATOR,13,"€37,403"
ADMIN,ADMINISTRATOR,14,"€38,396"
ADMIN,ADMINISTRATOR,15,"€39,212"
ADMIN,ADMINISTRATOR,16,"€39,926"
ADMIN,ADMINISTRATOR,17,"€40,912"
ADMIN,ADMINISTRATOR,18,"€41,892"
EDUCATION PROCUREMENT SERVICES,EPS PORTFOLIO MANAGER,1,"€86,389"
EDUCATION PROCUREMENT SERVICES,EPS PORTFOLIO MANAGER,2,"€90,698"
EDUCATION PROCUREMENT SERVICES,EPS PORTFOLIO MANAGER,3,"€95,005"
EDUCATION PROCUREMENT SERVICES,EPS PORTFOLIO MANAGER,4,"€99,296"
EDUCATION PROCUREMENT SERVICES,EPS PORTFOLIO MANAGER,5,"€103,583"
EDUCATION PROCUREMENT SERVICES,EPS PORTFOLIO MANAGER,6,"€107,874"
EDUCATION PROCUREMENT SERVICES,EPS CATEGORY MANAGER,1,"€67,131"
EDUCATION PROCUREMENT SERVICES,EPS CATEGORY MANAGER,2,"€69,712"
EDUCATION PROCUREMENT SERVICES,EPS CATEGORY MANAGER,3,"€72,480"
EDUCATION PROCUREMENT SERVICES,EPS CATEGORY MANAGER,4,"€75,725"
EDUCATION PROCUREMENT SERVICES,EPS CATEGORY MANAGER,5,"€79,087"
EDUCATION PROCUREMENT SERVICES,EPS CATEGORY MANAGER,6,"€82,103"
EDUCATION PROCUREMENT SERVICES,EPS CATEGORY MANAGER,7,"€86,389"
EDUCATION PROCUREMENT SERVICES,EPS CATEGORY MANAGER,8,"€90,698"
EDUCATION PROCUREMENT SERVICES,EPS CATEGORY SPECIALIST HIGHER,1,"€58,656"
EDUCATION PROCUREMENT SERVICES,EPS CATEGORY SPECIALIST HIGHER,2,"€60,174"
EDUCATION PROCUREMENT SERVICES,EPS CATEGORY SPECIALIST HIGHER,3,"€61,704"
EDUCATION PROCUREMENT SERVICES,EPS CATEGORY SPECIALIST HIGHER,4,"€63,240"
EDUCATION PROCUREMENT SERVICES,EPS CATEGORY SPECIALIST HIGHER,5,"€64,775"
EDUCATION PROCUREMENT SERVICES,EPS CATEGORY SPECIALIST HIGHER,6,"€66,318"
EDUCATION PROCUREMENT SERVICES,EPS CATEGORY SPECIALIST HIGHER,7,"€68,510"
EDUCATION PROCUREMENT SERVICES,EPS CATEGORY SPECIALIST HIGHER,8,"€72,779"
EDUCATION PROCUREMENT SERVICES,EPS CATEGORY SPECIALIST,1,"€44,752"
EDUCATION PROCUREMENT SERVICES,EPS CATEGORY SPECIALIST,2,"€47,047"
EDUCATION PROCUREMENT SERVICES,EPS CATEGORY SPECIALIST,3,"€49,360"
EDUCATION PROCUREMENT SERVICES,EPS CATEGORY SPECIALIST,4,"€51,269"
EDUCATION PROCUREMENT SERVICES,EPS CATEGORY SPECIALIST,5,"€53,219"
EDUCATION PROCUREMENT SERVICES,EPS CATEGORY SPECIALIST,6,"€55,306"
EDUCATION PROCUREMENT SERVICES,EPS CATEGORY SPECIALIST,7,"€57,462"
EDUCATION PROCUREMENT SERVICES,EPS CATEGORY SPECIALIST,8,"€59,558"
LIBRARY,SUB LIBRARIAN,1,"€64,830"
LIBRARY,SUB LIBRARIAN,2,"€68,413"
LIBRARY,SUB LIBRARIAN,3,"€71,505"
LIBRARY,SUB LIBRARIAN,4,"€74,734"
LIBRARY,SUB LIBRARIAN,5,"€77,824"
LIBRARY,SUB LIBRARIAN,6,"€80,106"
LIBRARY,SUB LIBRARIAN,7,"€83,065"
LIBRARY,SUB LIBRARIAN,8,"€86,613"
LIBRARY,SUB LIBRARIAN,9,"€90,308"
LIBRARY,SUB LIBRARIAN,10,"€93,715"
LIBRARY,SUB LIBRARIAN,11,"€97,127"
LIBRARY,SUB LIBRARIAN,12,"€100,531"
LIBRARY,SUB LIBRARIAN,13,"€102,234"
LIBRARY,SUB LIBRARIAN,14,"€104,052"
LIBRARY,SUB LIBRARIAN,15,"€106,850"
LIBRARY,ASSISTANT LIBRARIAN 2,1,"€58,657"
LIBRARY,ASSISTANT LIBRARIAN 2,2,"€60,174"
LIBRARY,ASSISTANT LIBRARIAN 2,3,"€61,704"
LIBRARY,ASSISTANT LIBRARIAN 2,4,"€63,240"
LIBRARY,ASSISTANT LIBRARIAN 2,5,"€64,776"
LIBRARY,ASSISTANT LIBRARIAN 2,6,"€66,317"
LIBRARY,ASSISTANT LIBRARIAN 2,7,"€68,510"
LIBRARY,ASSISTANT LIBRARIAN 2,8,"€72,779"
LIBRARY,ASSISTANT LIBRARIAN 2,9,"€77,291"
LIBRARY,ASSISTANT LIBRARIAN 2,10,"€79,691"
LIBRARY,ASSISTANT LIBRARIAN 2,11,"€83,397"
LIBRARY,ASSISTANT LIBRARIAN 1,1,"€44,751"
LIBRARY,ASSISTANT LIBRARIAN 1,2,"€47,050"
LIBRARY,ASSISTANT LIBRARIAN 1,3,"€49,364"
LIBRARY,ASSISTANT LIBRARIAN 1,4,"€51,269"
LIBRARY,ASSISTANT LIBRARIAN 1,5,"€53,605"
LIBRARY,ASSISTANT LIBRARIAN 1,6,"€55,126"
LIBRARY,ASSISTANT LIBRARIAN 1,7,"€56,632"
LIBRARY,ASSISTANT LIBRARIAN 1,8,"€57,745"
LIBRARY,ASSISTANT LIBRARIAN 1,9,"€59,104"
LIBRARY,ASSISTANT LIBRARIAN 1,10,"€60,468"
LIBRARY,ASSISTANT LIBRARIAN 1,11,"€61,415"
LIBRARY,ASSISTANT LIBRARIAN 1,12,"€62,371"
LIBRARY,ASSISTANT LIBRARIAN 1,13,"€64,409"
LIBRARY,ASSISTANT LIBRARIAN 1,14,"€66,805"
LIBRARY,ASSISTANT LIBRARIAN 1,15,"€69,293"
LIBRARY,SENIOR LIBRARY ASSISTANT,1,"€39,337"
LIBRARY,SENIOR LIBRARY ASSISTANT,2,"€39,808"
LIBRARY,SENIOR LIBRARY ASSISTANT,3,"€40,882"
LIBRARY,SENIOR LIBRARY ASSISTANT,4,"€41,881"
LIBRARY,SENIOR LIBRARY ASSISTANT,5,"€42,439"
LIBRARY,SENIOR LIBRARY ASSISTANT,6,"€44,325"
LIBRARY,SENIOR LIBRARY ASSISTANT,7,"€45,156"
LIBRARY,SENIOR LIBRARY ASSISTANT,8,"€46,242"
LIBRARY,SENIOR LIBRARY ASSISTANT,9,"€47,587"
LIBRARY,SENIOR LIBRARY ASSISTANT,10,"€48,932"
LIBRARY,SENIOR LIBRARY ASSISTANT,11,"€50,539"
LIBRARY,SENIOR LIBRARY ASSISTANT,12,"€51,945"
LIBRARY,SENIOR LIBRARY ASSISTANT,13,"€53,657"
LIBRARY,LIBRARY ASSISTANT,1,"€33,703"
LIBRARY,LIBRARY ASSISTANT,2,"€35,429"
LIBRARY,LIBRARY ASSISTANT,3,"€36,934"
LIBRARY,LIBRARY ASSISTANT,4,"€37,881"
LIBRARY,LIBRARY ASSISTANT,5,"€39,133"
LIBRARY,LIBRARY ASSISTANT,6,"€40,055"
LIBRARY,LIBRARY ASSISTANT,7,"€41,318"
LIBRARY,LIBRARY ASSISTANT,8,"€43,868"
LIBRARY,LIBRARY ASSISTANT,9,"€45,138"
LIBRARY,LIBRARY ASSISTANT,10,"€45,798"
LIBRARY,LIBRARY ATTENDANT,1,"€33,403"
LIBRARY,LIBRARY ATTENDANT,2,"€34,054"
LIBRARY,LIBRARY ATTENDANT,3,"€36,605"
LIBRARY,LIBRARY ATTENDANT,4,"€36,966"
LIBRARY,LIBRARY ATTENDANT,5,"€36,989"
LIBRARY,LIBRARY ATTENDANT,6,"€37,352"
LIBRARY,LIBRARY ATTENDANT,7,"€37,714"
LIBRARY,LIBRARY ATTENDANT,8,"€38,072"
LIBRARY,LIBRARY ATTENDANT,9,"€38,428"
LIBRARY,LIBRARY ATTENDANT,10,"€38,443"
LIBRARY,LIBRARY ATTENDANT,11,"€38,970"
LIBRARY,LIBRARY ATTENDANT,12,"€39,512"
LIBRARY,LIBRARY ATTENDANT,13,"€40,039"
LIBRARY,LIBRARY ATTENDANT,14,"€40,230"
INFORMATION TECHNOLOGY,ANALYST PROGRAMMER 3,1,"€67,132"
INFORMATION TECHNOLOGY,ANALYST PROGRAMMER 3,2,"€79,088"
INFORMATION TECHNOLOGY,ANALYST PROGRAMMER 3,3,"€82,103"
INFORMATION TECHNOLOGY,ANALYST PROGRAMMER 3,4,"€86,389"
INFORMATION TECHNOLOGY,ANALYST PROGRAMMER 3,5,"€90,697"
INFORMATION TECHNOLOGY,ANALYST PROGRAMMER 3,6,"€95,004"
INFORMATION TECHNOLOGY,ANALYST PROGRAMMER 3,7,"€99,296"
INFORMATION TECHNOLOGY,ANALYST PROGRAMMER 3,8,"€103,583"
INFORMATION TECHNOLOGY,ANALYST PROGRAMMER 3,9,"€107,875"
INFORMATION TECHNOLOGY,ANALYST PROGRAMMER 2,1,"€53,677"
INFORMATION TECHNOLOGY,ANALYST PROGRAMMER 2,2,"€55,287"
INFORMATION TECHNOLOGY,ANALYST PROGRAMMER 2,3,"€56,903"
INFORMATION TECHNOLOGY,ANALYST PROGRAMMER 2,4,"€58,501"
INFORMATION TECHNOLOGY,ANALYST PROGRAMMER 2,5,"€60,116"
INFORMATION TECHNOLOGY,ANALYST PROGRAMMER 2,6,"€61,717"
INFORMATION TECHNOLOGY,ANALYST PROGRAMMER 2,7,"€64,375"
INFORMATION TECHNOLOGY,ANALYST PROGRAMMER 2,8,"€66,805"
INFORMATION TECHNOLOGY,ANALYST PROGRAMMER 2,9,"€69,293"
INFORMATION TECHNOLOGY,ANALYST PROGRAMMER 1,1,"€42,012"
INFORMATION TECHNOLOGY,ANALYST PROGRAMMER 1,2,"€44,629"
INFORMATION TECHNOLOGY,ANALYST PROGRAMMER 1,3,"€46,172"
INFORMATION TECHNOLOGY,ANALYST PROGRAMMER 1,4,"€47,611"
INFORMATION TECHNOLOGY,ANALYST PROGRAMMER 1,5,"€49,079"
INFORMATION TECHNOLOGY,ANALYST PROGRAMMER 1,6,"€50,543"
INFORMATION TECHNOLOGY,ANALYST PROGRAMMER 1,7,"€52,039"
INFORMATION TECHNOLOGY,ANALYST PROGRAMMER 1,8,"€53,562"
INFORMATION TECHNOLOGY,ANALYST PROGRAMMER 1,9,"€56,116"
INFORMATION TECHNOLOGY,ANALYST PROGRAMMER 1,10,"€58,164"
INFORMATION TECHNOLOGY,SENIOR COMPUTER OPERATOR,1,"€42,214"
INFORMATION TECHNOLOGY,SENIOR COMPUTER OPERATOR,2,"€43,823"
INFORMATION TECHNOLOGY,SENIOR COMPUTER OPERATOR,3,"€45,475"
INFORMATION TECHNOLOGY,SENIOR COMPUTER OPERATOR,4,"€46,768"
INFORMATION TECHNOLOGY,SENIOR COMPUTER OPERATOR,5,"€48,067"
INFORMATION TECHNOLOGY,SENIOR COMPUTER OPERATOR,6,"€49,369"
INFORMATION TECHNOLOGY,SENIOR COMPUTER OPERATOR,7,"€50,686"
INFORMATION TECHNOLOGY,SENIOR COMPUTER OPERATOR,8,"€51,968"
INFORMATION TECHNOLOGY,SENIOR COMPUTER OPERATOR,9,"€53,657"
INFORMATION TECHNOLOGY,SENIOR COMPUTER OPERATOR,10,"€55,570"
INFORMATION TECHNOLOGY,COMPUTER OPERATOR,1,"€33,403"
INFORMATION TECHNOLOGY,COMPUTER OPERATOR,2,"€35,114"
INFORMATION TECHNOLOGY,COMPUTER OPERATOR,3,"€36,604"
INFORMATION TECHNOLOGY,COMPUTER OPERATOR,4,"€37,881"
INFORMATION TECHNOLOGY,COMPUTER OPERATOR,5,"€39,133"
INFORMATION TECHNOLOGY,COMPUTER OPERATOR,6,"€40,054"
INFORMATION TECHNOLOGY,COMPUTER OPERATOR,7,"€41,318"
INFORMATION TECHNOLOGY,COMPUTER OPERATOR,8,"€42,586"
INFORMATION TECHNOLOGY,COMPUTER OPERATOR,9,"€43,868"
INFORMATION TECHNOLOGY,COMPUTER OPERATOR,10,"€45,138"
INFORMATION TECHNOLOGY,PRINT OPERATOR 2,1,"€31,238"
INFORMATION TECHNOLOGY,PRINT OPERATOR 2,2,"€32,320"
INFORMATION TECHNOLOGY,PRINT OPERATOR 2,3,"€33,844"
INFORMATION TECHNOLOGY,PRINT OPERATOR 2,4,"€35,403"
INFORMATION TECHNOLOGY,PRINT OPERATOR 2,5,"€36,946"
INFORMATION TECHNOLOGY,PRINT OPERATOR 2,6,"€38,331"
INFORMATION TECHNOLOGY,PRINT OPERATOR 2,7,"€39,365"
INFORMATION TECHNOLOGY,PRINT OPERATOR 2,8,"€40,749"
INFORMATION TECHNOLOGY,PRINT OPERATOR 2,9,"€42,093"
INFORMATION TECHNOLOGY,PRINT OPERATOR 2,10,"€43,223"
INFORMATION TECHNOLOGY,PRINT OPERATOR 2,11,"€44,373"
INFORMATION TECHNOLOGY,PRINT OPERATOR 1,1,"€29,021"
INFORMATION TECHNOLOGY,PRINT OPERATOR 1,2,"€30,996"
INFORMATION TECHNOLOGY,PRINT OPERATOR 1,3,"€31,738"
INFORMATION TECHNOLOGY,PRINT OPERATOR 1,4,"€32,768"
INFORMATION TECHNOLOGY,PRINT OPERATOR 1,5,"€34,232"
INFORMATION TECHNOLOGY,PRINT OPERATOR 1,6,"€35,719"
INFORMATION TECHNOLOGY,PRINT OPERATOR 1,7,"€37,208"
INFORMATION TECHNOLOGY,PRINT OPERATOR 1,8,"€38,553"
INFORMATION TECHNOLOGY,COMPUTER LAB ATTENDANT,1,"€33,403"
INFORMATION TECHNOLOGY,COMPUTER LAB ATTENDANT,2,"€34,543"
INFORMATION TECHNOLOGY,COMPUTER LAB ATTENDANT,3,"€36,605"
INFORMATION TECHNOLOGY,COMPUTER LAB ATTENDANT,4,"€36,967"
INFORMATION TECHNOLOGY,COMPUTER LAB ATTENDANT,5,"€36,987"
INFORMATION TECHNOLOGY,COMPUTER LAB ATTENDANT,6,"€37,353"
INFORMATION TECHNOLOGY,COMPUTER LAB ATTENDANT,7,"€37,714"
INFORMATION TECHNOLOGY,COMPUTER LAB ATTENDANT,8,"€38,072"
INFORMATION TECHNOLOGY,COMPUTER LAB ATTENDANT,9,"€38,428"
INFORMATION TECHNOLOGY,TEMPORARY COMPUTER ASSISTANT,1,"€33,403"
INFORMATION TECHNOLOGY,TEMPORARY COMPUTER ASSISTANT,2,"€34,543"
INFORMATION TECHNOLOGY,TEMPORARY COMPUTER ASSISTANT,3,"€36,605"
INFORMATION TECHNOLOGY,TEMPORARY COMPUTER ASSISTANT,4,"€36,967"
INFORMATION TECHNOLOGY,TEMPORARY COMPUTER ASSISTANT,5,"€36,987"
INFORMATION TECHNOLOGY,TEMPORARY COMPUTER ASSISTANT,6,"€37,353"
INFORMATION TECHNOLOGY,TEMPORARY COMPUTER ASSISTANT,7,"€37,714"
INFORMATION TECHNOLOGY,TEMPORARY COMPUTER ASSISTANT,8,"€38,072"
INFORMATION TECHNOLOGY,TEMPORARY COMPUTER ASSISTANT,9,"€38,428"
TECHNICAL,CHIEF TECHNICAL OFFICER,1,"€64,838"
TECHNICAL,CHIEF TECHNICAL OFFICER,2,"€67,536"
TECHNICAL,CHIEF TECHNICAL OFFICER,3,"€70,205"
TECHNICAL,CHIEF TECHNICAL OFFICER,4,"€72,948"
TECHNICAL,CHIEF TECHNICAL OFFICER,5,"€75,821"
TECHNICAL,CHIEF TECHNICAL OFFICER,6,"€78,621"
TECHNICAL,TECHNICAL OFFICER,1,"€39,828"
TECHNICAL,TECHNICAL OFFICER,2,"€41,606"
TECHNICAL,TECHNICAL OFFICER,3,"€43,745"
TECHNICAL,TECHNICAL OFFICER,4,"€45,033"
TECHNICAL,TECHNICAL OFFICER,5,"€46,408"
TECHNICAL,TECHNICAL OFFICER,6,"€49,325"
TECHNICAL,TECHNICAL OFFICER,7,"€51,251"
TECHNICAL,TECHNICAL OFFICER,8,"€53,228"
TECHNICAL,TECHNICAL OFFICER,9,"€55,376"
TECHNICAL,TECHNICAL OFFICER,10,"€57,459"
TECHNICAL,SENIOR TECHNICAL OFFICER,11,"€60,654"
TECHNICAL,SENIOR TECHNICAL OFFICER,12,"€62,799"
TECHNICAL,SENIOR TECHNICAL OFFICER,13,"€65,107"
TECHNICAL,SENIOR TECHNICAL OFFICER,14,"€67,470"
TECHNICAL,SENIOR TECHNICAL OFFICER,15,"€69,827"
TECHNICAL,SENIOR TECHNICAL OFFICER,16,"€71,290"
TECHNICAL,SENIOR LAB ATTENDANT,1,"€38,443"
TECHNICAL,SENIOR LAB ATTENDANT,2,"€38,970"
TECHNICAL,SENIOR LAB ATTENDANT,3,"€39,512"
TECHNICAL,SENIOR LAB ATTENDANT,4,"€40,040"
TECHNICAL,SENIOR LAB ATTENDANT,5,"€40,229"
TECHNICAL,LABORATORY ATTENDANT,1,"€33,403"
TECHNICAL,LABORATORY ATTENDANT,2,"€34,543"
TECHNICAL,LABORATORY ATTENDANT,3,"€36,604"
TECHNICAL,LABORATORY ATTENDANT,4,"€36,966"
TECHNICAL,LABORATORY ATTENDANT,5,"€36,989"
TECHNICAL,LABORATORY ATTENDANT,6,"€37,352"
TECHNICAL,LABORATORY ATTENDANT,7,"€37,714"
TECHNICAL,LABORATORY ATTENDANT,8,"€38,072"
TECHNICAL,LABORATORY ATTENDANT,9,"€38,429"
SERVICE STAFF,SEN PORTER/ATTENDANT,1,"€41,472"
SERVICE STAFF,SEN PORTER/ATTENDANT,2,"€41,678"
SERVICE STAFF,SEN PORTER/ATTENDANT,3,"€41,873"
SERVICE STAFF,SEN PORTER/ATTENDANT,4,"€41,984"
SERVICE STAFF,SEN PORTER/ATTENDANT,5,"€42,103"
SERVICE STAFF,SEN PORTER/ATTENDANT,6,"€42,213"
SERVICE STAFF,SEN PORTER/ATTENDANT,7,"€42,325"
SERVICE STAFF,SEN PORTER/ATTENDANT,8,"€42,445"
SERVICE STAFF,SEN PORTER/ATTENDANT,9,"€42,563"
SERVICE STAFF,SEN PORTER/ATTENDANT,10,"€42,689"
SERVICE STAFF,SEN PORTER/ATTENDANT,11,"€42,813"
SERVICE STAFF,SEN PORTER/ATTENDANT,12,"€42,936"
SERVICE STAFF,SEN PORTER/ATTENDANT,13,"€43,069"
SERVICE STAFF,PORTER/ATTENDANT,1,"€36,456"
SERVICE STAFF,PORTER/ATTENDANT,2,"€37,227"
SERVICE STAFF,PORTER/ATTENDANT,3,"€39,454"
SERVICE STAFF,PORTER/ATTENDANT,4,"€39,644"
SERVICE STAFF,PORTER/ATTENDANT,5,"€39,821"
SERVICE STAFF,PORTER/ATTENDANT,6,"€39,919"
SERVICE STAFF,PORTER/ATTENDANT,7,"€40,032"
SERVICE STAFF,PORTER/ATTENDANT,8,"€40,032"
SERVICE STAFF,PORTER/ATTENDANT,9,"€40,032"
SERVICE STAFF,PORTER/ATTENDANT,10,"€40,032"
SERVICE STAFF,PORTER/ATTENDANT,11,"€40,099"
SERVICE STAFF,PORTER/ATTENDANT,12,"€40,214"
SERVICE STAFF,PORTER/ATTENDANT,13,"€40,327"
SERVICE STAFF,PORTER/ATTENDANT,14,"€40,440"
SERVICE STAFF,PORTER/ATTENDANT,15,"€40,552"
SERVICE STAFF,GROUNDS SUPERVISOR,1,"€40,712"
SERVICE STAFF,GROUNDS SUPERVISOR,2,"€40,895"
SERVICE STAFF,GROUNDS SUPERVISOR,3,"€41,086"
SERVICE STAFF,GROUNDS SUPERVISOR,4,"€41,188"
SERVICE STAFF,GROUNDS SUPERVISOR,5,"€41,295"
SERVICE STAFF,GROUNDS SUPERVISOR,6,"€41,402"
SERVICE STAFF,GROUNDS SUPERVISOR,7,"€41,498"
SERVICE STAFF,GROUNDS SUPERVISOR,8,"€41,609"
SERVICE STAFF,GROUNDS SUPERVISOR,9,"€41,720"
SERVICE STAFF,GROUNDS SUPERVISOR,10,"€41,828"
SERVICE STAFF,GROUNDS SUPERVISOR,11,"€41,944"
SERVICE STAFF,GROUNDS SUPERVISOR,12,"€42,060"
SERVICE STAFF,GROUNDS SUPERVISOR,13,"€42,165"
SERVICE STAFF,GROUNDSWORKPERSON,1,"€35,063"
SERVICE STAFF,GROUNDSWORKPERSON,2,"€35,795"
SERVICE STAFF,GROUNDSWORKPERSON,3,"€38,451"
SERVICE STAFF,GROUNDSWORKPERSON,4,"€38,637"
SERVICE STAFF,GROUNDSWORKPERSON,5,"€38,810"
SERVICE STAFF,GROUNDSWORKPERSON,6,"€38,906"
SERVICE STAFF,GROUNDSWORKPERSON,7,"€39,009"
SERVICE STAFF,GROUNDSWORKPERSON,8,"€39,104"
SERVICE STAFF,GROUNDSWORKPERSON,9,"€39,206"
SERVICE STAFF,GROUNDSWORKPERSON,10,"€39,304"
SERVICE STAFF,GROUNDSWORKPERSON,11,"€39,415"
SERVICE STAFF,GROUNDSWORKPERSON,12,"€39,522"
SERVICE STAFF,GROUNDSWORKPERSON,13,"€39,632"
SERVICE STAFF,GROUNDSWORKPERSON,14,"€39,744"
SERVICE STAFF,GROUNDSWORKPERSON,15,"€39,861"
SERVICE STAFF,SENIOR AIDE,1,"€40,827"
SERVICE STAFF,SENIOR AIDE,2,"€41,026"
SERVICE STAFF,SENIOR AIDE,3,"€41,209"
SERVICE STAFF,SENIOR AIDE,4,"€41,317"
SERVICE STAFF,SENIOR AIDE,5,"€41,420"
SERVICE STAFF,SENIOR AIDE,6,"€41,534"
SERVICE STAFF,SENIOR AIDE,7,"€41,635"
SERVICE STAFF,SENIOR AIDE,8,"€41,745"
SERVICE STAFF,SENIOR AIDE,9,"€41,859"
SERVICE STAFF,SENIOR AIDE,10,"€41,975"
SERVICE STAFF,SENIOR AIDE,11,"€42,089"
SERVICE STAFF,SENIOR AIDE,12,"€42,206"
SERVICE STAFF,SENIOR AIDE,13,"€42,318"
SERVICE STAFF,GROUNDSWORKPERSON MACHINE ATTENDANT,1,"€35,829"
SERVICE STAFF,GROUNDSWORKPERSON MACHINE ATTENDANT,2,"€36,585"
SERVICE STAFF,GROUNDSWORKPERSON MACHINE ATTENDANT,3,"€39,300"
SERVICE STAFF,GROUNDSWORKPERSON MACHINE ATTENDANT,4,"€39,493"
SERVICE STAFF,GROUNDSWORKPERSON MACHINE ATTENDANT,5,"€39,671"
SERVICE STAFF,GROUNDSWORKPERSON MACHINE ATTENDANT,6,"€39,864"
SERVICE STAFF,GROUNDSWORKPERSON MACHINE ATTENDANT,7,"€39,874"
SERVICE STAFF,GROUNDSWORKPERSON MACHINE ATTENDANT,8,"€39,979"
SERVICE STAFF,GROUNDSWORKPERSON MACHINE ATTENDANT,9,"€40,085"
SERVICE STAFF,GROUNDSWORKPERSON MACHINE ATTENDANT,10,"€40,085"
SERVICE STAFF,GROUNDSWORKPERSON MACHINE ATTENDANT,11,"€40,085"
SERVICE STAFF,GROUNDSWORKPERSON MACHINE ATTENDANT,12,"€40,085"
SERVICE STAFF,GROUNDSWORKPERSON MACHINE ATTENDANT,13,"€40,172"
SERVICE STAFF,GROUNDSWORKPERSON MACHINE ATTENDANT,14,"€40,286"
SERVICE STAFF,GROUNDSWORKPERSON MACHINE ATTENDANT,15,"€40,401"
SERVICE STAFF,SERVICE STAFF,1,"€35,974"
SERVICE STAFF,SERVICE STAFF,2,"€36,736"
SERVICE STAFF,SERVICE STAFF,3,"€39,461"
SERVICE STAFF,SERVICE STAFF,4,"€39,657"
SERVICE STAFF,SERVICE STAFF,5,"€39,836"
SERVICE STAFF,SERVICE STAFF,6,"€39,933"
SERVICE STAFF,SERVICE STAFF,7,"€40,040"
SERVICE STAFF,SERVICE STAFF,8,"€40,040"
SERVICE STAFF,SERVICE STAFF,9,"€40,040"
SERVICE STAFF,SERVICE STAFF,10,"€40,040"
SERVICE STAFF,SERVICE STAFF,11,"€40,113"
SERVICE STAFF,SERVICE STAFF,12,"€40,226"
SERVICE STAFF,SERVICE STAFF,13,"€40,336"
SERVICE STAFF,SERVICE STAFF,14,"€40,451"
SERVICE STAFF,SERVICE STAFF,15,"€40,566"
SERVICE STAFF,SERVICE STAFF SHIFT,1,"€37,129"
SERVICE STAFF,SERVICE STAFF SHIFT,2,"€37,898"
SERVICE STAFF,SERVICE STAFF SHIFT,3,"€40,388"
SERVICE STAFF,SERVICE STAFF SHIFT,4,"€40,578"
SERVICE STAFF,SERVICE STAFF SHIFT,5,"€40,761"
SERVICE STAFF,SERVICE STAFF SHIFT,6,"€40,861"
SERVICE STAFF,SERVICE STAFF SHIFT,7,"€40,973"
SERVICE STAFF,SERVICE STAFF SHIFT,8,"€41,074"
SERVICE STAFF,SERVICE STAFF SHIFT,9,"€41,179"
SERVICE STAFF,SERVICE STAFF SHIFT,10,"€41,284"
SERVICE STAFF,SERVICE STAFF SHIFT,11,"€41,392"
SERVICE STAFF,SERVICE STAFF SHIFT,12,"€41,506"
SERVICE STAFF,SERVICE STAFF SHIFT,13,"€41,613"
SERVICE STAFF,SERVICE STAFF SHIFT,14,"€41,733"
SERVICE STAFF,SERVICE STAFF SHIFT,15,"€41,846"
SERVICE STAFF,PLANT MAINTENANCE AIDE,1,"€40,053"
SERVICE STAFF,PLANT MAINTENANCE AIDE,2,"€43,995"
SERVICE STAFF,GROUNDS FOREPERSON,1,"€49,333"
SERVICE STAFF,GROUNDS FOREPERSON,2,"€50,369"
SERVICE STAFF,GROUNDS FOREPERSON,3,"€51,204"
SERVICE STAFF,GROUNDS FOREPERSON,4,"€52,137"
SERVICE STAFF,GROUNDS FOREPERSON,5,"€53,117"
SERVICE STAFF,GROUNDS FOREPERSON,6,"€54,078"
TEACHERS,TEACHING FELLOW,1,"€62,069"
TEACHERS,TEACHING FELLOW,2,"€73,092"
TEACHERS,TEACHING FELLOW,3,"€77,007"
TEACHERS,TEACHING FELLOW,4,"€79,703"
TEACHERS,TEACHING FELLOW,5,"€83,634"
TEACHERS,TEACHING FELLOW,6,"€87,605"
TEACHERS,TEACHING FELLOW,7,"€91,562"
TEACHERS,TEACHING FELLOW,8,"€95,514"
TEACHERS,TEACHING FELLOW,9,"€99,471"
TEACHERS,UNIVERSITY TEACHER,1,"€46,955"
TEACHERS,UNIVERSITY TEACHER,2,"€49,543"
TEACHERS,UNIVERSITY TEACHER,3,"€51,676"
TEACHERS,UNIVERSITY TEACHER,4,"€53,644"
TEACHERS,UNIVERSITY TEACHER,5,"€55,689"
TEACHERS,UNIVERSITY TEACHER,6,"€57,323"
TEACHERS,UNIVERSITY TEACHER,7,"€58,990"
TEACHERS,UNIVERSITY TEACHER,8,"€60,654"
TEACHERS,UNIVERSITY TEACHER,9,"€62,314"
TEACHERS,UNIVERSITY TEACHER,10,"€63,965"
TEACHERS,ASSOCIATE TEACHER,1,"€37,008"
TEACHERS,ASSOCIATE TEACHER,2,"€39,126"
TEACHERS,ASSOCIATE TEACHER,3,"€40,060"
TEACHERS,ASSOCIATE TEACHER,4,"€41,945"
TEACHERS,ASSOCIATE TEACHER,5,"€43,130"
TEACHERS,ASSOCIATE TEACHER,6,"€44,464"
TEACHERS,ASSOCIATE TEACHER,7,"€45,716"
TEACHERS,ASSOCIATE TEACHER,8,"€46,978"
TEACHERS,ASSOCIATE TEACHER,9,"€47,948"
TEACHERS,ASSOCIATE TEACHER,10,"€50,419"
THERAPIES REGIONAL SUPERVISORS REGIONAL PLACEMENT FACILITATOR,CLINICAL,1,"€62,038"
THERAPIES REGIONAL SUPERVISORS REGIONAL PLACEMENT FACILITATOR,CLINICAL,2,"€63,360"
THERAPIES REGIONAL SUPERVISORS REGIONAL PLACEMENT FACILITATOR,CLINICAL,3,"€64,724"
THERAPIES REGIONAL SUPERVISORS REGIONAL PLACEMENT FACILITATOR,CLINICAL,4,"€66,076"
THERAPIES REGIONAL SUPERVISORS REGIONAL PLACEMENT FACILITATOR,CLINICAL,5,"€67,430"
THERAPIES REGIONAL SUPERVISORS REGIONAL PLACEMENT FACILITATOR,CLINICAL,6,"€68,853"
THERAPIES REGIONAL SUPERVISORS REGIONAL PLACEMENT FACILITATOR,CLINICAL,7,"€70,352"
THERAPIES REGIONAL SUPERVISORS REGIONAL PLACEMENT FACILITATOR,CLINICAL,8,"€71,848"
THERAPIES REGIONAL SUPERVISORS REGIONAL PLACEMENT FACILITATOR,CLINICAL,9,"€73,048"
THERAPIES REGIONAL SUPERVISORS REGIONAL PLACEMENT FACILITATOR,CLINICAL TUTOR,1,"€66,452"
THERAPIES REGIONAL SUPERVISORS REGIONAL PLACEMENT FACILITATOR,CLINICAL TUTOR,2,"€69,009"
THERAPIES REGIONAL SUPERVISORS REGIONAL PLACEMENT FACILITATOR,CLINICAL TUTOR,3,"€71,509"
THERAPIES REGIONAL SUPERVISORS REGIONAL PLACEMENT FACILITATOR,CLINICAL TUTOR,4,"€73,344"
THERAPIES REGIONAL SUPERVISORS REGIONAL PLACEMENT FACILITATOR,CLINICAL TUTOR,5,"€75,794"
THERAPIES REGIONAL SUPERVISORS REGIONAL PLACEMENT FACILITATOR,CLINICAL TUTOR,6,"€78,252"
THERAPIES REGIONAL SUPERVISORS REGIONAL PLACEMENT FACILITATOR,CLINICAL FELLOW,1,"€74,499"
THERAPIES REGIONAL SUPERVISORS REGIONAL PLACEMENT FACILITATOR,CLINICAL FELLOW,2,"€76,258"
THERAPIES REGIONAL SUPERVISORS REGIONAL PLACEMENT FACILITATOR,CLINICAL FELLOW,3,"€78,804"
THERAPIES REGIONAL SUPERVISORS REGIONAL PLACEMENT FACILITATOR,CLINICAL FELLOW,4,"€81,095"
THERAPIES REGIONAL SUPERVISORS REGIONAL PLACEMENT FACILITATOR,CLINICAL FELLOW,5,"€84,824"
THERAPIES REGIONAL SUPERVISORS REGIONAL PLACEMENT FACILITATOR,CLINICAL FELLOW,6,"€88,562"
THERAPIES REGIONAL SUPERVISORS REGIONAL PLACEMENT FACILITATOR,CLINICAL FELLOW,7,"€92,294"
ULAC,ASSISTANT SENIOR INSTRUCTOR,1,"€31,099"
ULAC,LEAD INSTRUCTOR,1,"€29,370"
ULAC,MULTI ACTIVITY INSTRUCTOR (GRADE 1),1,"€25,334"
ULAC,MULTI ACTIVITY INSTRUCTOR (GRADE 1),2,"€27,639"
ULAC,MULTI ACTIVITY INSTRUCTOR (GRADE 2),1,"€25,910"
ULAC,ASSISTANT INSTRUCTOR,1,"€23,363"
ULAC,ASSISTANT INSTRUCTOR,2,"€25,576"
ULAC,CO-OP STUDENTS,1,"€25,306"
ULAC,CO-OP STUDENTS,2,"€25,350"
